Actual_Churn,Predicted_Churn,Churn_Probability,MonthlyCharges,Tenure
True,True,0.697400939398496,24.8,1
False,False,0.059194563414605106,25.25,41
False,False,0.004293241364228333,19.35,52
True,True,0.6098067624278488,76.35,1
False,False,0.00577584527361828,50.55,67
True,False,0.2828009704477281,89.6,68
False,False,0.04956746749005255,77.15,23
False,False,0.00372863810527595,72.1,72
True,False,0.05031355526892341,104.0,70
True,False,0.2001329846699894,19.4,1
False,False,0.19799951050905387,20.45,1
False,False,0.3611630931222819,84.05,34
False,False,0.19545970737793208,51.0,28
True,True,0.5325992229830644,85.45,18
False,False,0.11449100450808435,20.45,15
True,True,0.7403503893909746,95.15,11
True,False,0.38789910433440017,53.75,11
True,True,0.6658641689427497,70.0,1
False,False,0.4727472227938812,88.8,37
True,False,0.48488925123999943,89.4,22
False,True,0.6991764020989885,70.25,1
False,False,0.2534765371041477,19.45,1
False,False,0.2631822387229791,80.0,46
False,False,0.16687182027171543,107.45,51
False,False,0.20216949289514924,104.45,41
True,False,0.3511015999480543,67.95,5
True,False,0.33868039990592,89.3,45
False,False,0.16120646758786478,60.2,29
False,True,0.7322702736743008,91.5,15
False,False,0.012795271616607184,63.7,72
False,False,0.2989389171829778,103.95,50
False,False,0.013669165588045052,20.6,27
False,False,0.023913498227615227,85.15,72
False,False,0.02711371265273676,69.75,51
False,False,0.20114305918369174,94.1,60
False,False,0.02546228897230387,19.45,17
False,False,0.0024564332922475166,21.15,72
True,True,0.6222307390718128,104.4,33
False,False,0.27644756634549084,104.9,66
True,False,0.3827668487800664,103.95,69
True,True,0.6567198983208945,69.75,5
False,False,0.27938629952589383,100.75,57
True,True,0.7307705724455272,75.75,8
False,False,0.11853735118743995,51.45,14
True,True,0.6127059801295227,94.7,25
False,False,0.008702670721649835,19.6,52
True,False,0.41860629099806457,76.45,7
True,True,0.535050042730197,79.8,13
True,True,0.6413196861742702,89.85,15
True,False,0.08347932495068634,55.15,22
False,False,0.09428102031034287,19.9,19
False,False,0.24358623650494982,30.35,23
False,False,0.056644537425010084,113.65,72
False,False,0.07364263651224351,98.35,72
False,False,0.212368411727015,96.65,59
False,False,0.007782154790150372,75.35,70
False,False,0.020057147717268287,101.1,70
False,True,0.5290996832340811,103.1,9
False,False,0.23220505279147563,24.6,3
False,True,0.6672676682749809,101.8,17
False,False,0.2366609874835937,70.4,28
False,False,0.2740397474044342,54.25,10
False,False,0.12325782887887872,20.95,11
False,False,0.056326621345855435,102.65,72
True,True,0.5449798354598213,70.1,8
False,False,0.002107459393159577,20.3,69
False,False,0.012310199528879281,19.85,39
False,False,0.012620526042480883,50.9,67
False,False,0.0186913093022127,19.9,39
False,False,0.009949014988453726,65.65,54
True,True,0.7483336015486376,74.5,1
False,False,0.02397633930064136,60.0,72
True,True,0.6085208518881112,98.55,10
True,True,0.5781612142625272,96.65,13
False,False,0.336619795330794,99.25,35
False,False,0.23827045609754388,35.5,12
False,False,0.23106021543178443,90.55,31
False,False,0.2668328686928694,108.25,53
False,False,0.2588510547960543,19.5,1
False,False,0.029447567631532168,19.7,30
False,False,0.24672516878230744,74.8,46
True,True,0.5347569403526721,89.65,19
False,False,0.18754049557215444,54.25,23
True,False,0.2352074406349358,55.0,15
False,False,0.005294444653976477,20.15,48
True,True,0.5472688346987438,95.9,25
True,False,0.1616028646521664,105.0,52
True,False,0.31625097797516094,81.7,12
False,False,0.01776244851289304,24.55,48
False,False,0.009577931337841648,20.05,38
False,False,0.39088244723171117,35.2,18
False,False,0.10638532079512895,50.25,45
False,True,0.6911371262219559,89.55,12
False,False,0.09036119571298128,102.4,66
False,False,0.0016956678227481325,20.25,72
False,False,0.006481867584786859,44.6,70
False,False,0.480934751061925,90.15,27
False,False,0.19891175264711627,20.0,1
True,True,0.7900914923240852,95.25,13
False,False,0.01736021579302129,90.45,65
False,False,0.4897712487623555,70.2,14
True,True,0.6754816795585318,85.45,17
False,False,0.029304604045237322,20.95,31
False,False,0.02208165912491275,24.2,24
False,False,0.25285161079633434,20.2,3
True,True,0.5477409920133273,76.65,17
False,False,0.00561980385640521,68.75,66
False,False,0.013043820005467619,53.3,45
False,False,0.3687104289219953,91.5,35
False,False,0.027679377931833615,40.25,40
True,False,0.4764737969022752,84.7,10
False,False,0.04558718512702178,64.3,52
False,False,0.118816381556663,19.45,13
False,False,0.48758332050107855,90.25,43
False,False,0.04569851675912716,20.45,41
False,False,0.15813961329367932,50.5,52
False,False,0.011335821902429528,93.2,71
False,False,0.3530406948035482,106.45,61
False,False,0.27501853114628166,44.45,26
False,False,0.003965048806807018,68.4,72
False,False,0.05885677880524875,78.45,42
False,False,0.02887744861587773,65.2,57
False,False,0.035544913060339016,19.6,9
True,True,0.5563115275501846,71.0,9
False,False,0.1588222565195572,44.55,33
False,False,0.20003100098095067,19.45,1
True,True,0.692219316238846,79.0,7
True,True,0.6021505973582643,71.55,1
False,False,0.0020941768832107312,19.9,65
True,True,0.6400830963021606,86.05,10
False,False,0.12983360141352507,95.0,70
True,True,0.5809845699285402,98.6,29
True,True,0.5633179408989478,104.4,21
True,True,0.7785476297200409,90.75,1
False,False,0.16836604540305428,20.25,5
False,False,0.2536343647358971,89.7,56
True,False,0.28215448414423033,85.15,35
False,False,0.06999269669188664,20.45,10
False,False,0.04856294257634865,49.85,31
True,True,0.5712778404142393,85.7,37
True,False,0.3485382292943908,95.25,57
False,False,0.039924062114515,25.6,34
True,True,0.5756515280290525,99.0,3
False,True,0.6398519340106598,82.85,4
False,False,0.005863467820533623,20.5,54
False,False,0.14086881479216537,19.7,6
False,False,0.12865255833456354,59.75,22
False,False,0.42205106145143084,96.9,23
False,False,0.013329808960191107,58.25,68
False,False,0.0051898520229198405,20.0,48
False,False,0.038962257529176064,20.8,34
False,False,0.07045516511903306,79.85,41
False,True,0.6821256570826182,75.85,9
False,True,0.561238542164676,103.6,18
False,False,0.3778670729644775,95.5,35
False,False,0.11691678155651972,79.4,55
False,False,0.0649899483667423,108.0,54
True,True,0.7650508192800691,78.55,2
False,False,0.08065927419193057,106.3,52
False,False,0.004544544633993184,69.65,72
False,False,0.4576379931034444,70.05,9
False,True,0.661867891278677,69.55,3
False,True,0.5131777298481203,75.35,4
False,False,0.00712003971770601,75.75,69
False,False,0.004881860505749543,35.7,67
True,True,0.7228004086523805,79.9,4
True,False,0.29340451400726847,45.55,13
False,False,0.02464933898158365,81.0,45
False,False,0.07603024158243135,101.35,68
False,False,0.012263574336671568,73.7,69
False,False,0.01706716347156236,58.35,70
True,False,0.26767469702151125,19.9,1
False,False,0.023653070354659276,25.9,45
False,False,0.019293603894224506,20.3,37
False,False,0.1044993166689088,40.25,10
False,True,0.7519584009010903,89.35,1
False,False,0.059402303870980604,69.05,29
False,False,0.03834279098679288,104.1,72
True,True,0.7379679011120361,75.9,2
False,False,0.09064645534737233,53.6,24
True,True,0.7343141466984806,79.15,4
False,False,0.001591959237021361,19.3,72
False,True,0.503281064078046,79.0,11
False,False,0.006047706658582132,19.9,44
False,False,0.0025841728807869113,20.45,62
False,False,0.002297613541093509,25.4,70
True,True,0.5602805091337104,25.05,1
True,False,0.48239253856147707,105.65,4
True,True,0.7974816400316755,85.55,2
False,False,0.07759120669037033,56.3,41
True,False,0.3830184741228481,19.45,1
False,False,0.021677624105056862,84.1,72
False,False,0.0945206220428186,109.25,63
False,False,0.047183671377530816,79.6,68
False,False,0.36417411713201764,99.5,59
False,False,0.1556785724773767,48.8,52
True,True,0.5701747372764692,105.75,26
False,False,0.011575865758270992,56.6,66
False,False,0.09525055608407815,95.65,56
False,False,0.006272161851282273,79.2,72
False,True,0.6551917173191748,70.1,2
False,False,0.10849451457796118,117.2,68
False,False,0.021467841612646765,84.9,61
False,False,0.19881023659408148,20.05,1
False,False,0.23901092964770812,19.9,2
True,False,0.19948094785153686,19.5,2
False,False,0.2198188338429732,84.65,68
False,False,0.2422036423719739,68.25,9
True,True,0.6324099643731612,83.2,13
False,False,0.11209769825126822,20.05,22
False,False,0.0035208748376305016,25.3,66
False,False,0.12895317414118984,20.35,8
False,False,0.48978123042348015,69.95,2
False,False,0.32118581185283207,55.8,3
True,True,0.7296054502594754,92.5,5
False,False,0.030639028729692517,20.0,13
False,False,0.04105894672056617,65.0,53
False,False,0.19814689296611543,20.0,3
False,False,0.20655479189702744,94.9,46
False,False,0.05264076155855494,40.3,39
False,True,0.5265244160021969,107.5,30
False,True,0.5766161126753322,98.7,23
False,False,0.022173263138283605,20.4,40
False,False,0.02517058932972164,62.55,45
False,False,0.004395568533088379,19.65,53
False,False,0.1142475487594836,112.4,72
False,False,0.017652849576158744,20.3,28
False,False,0.008273908424649815,67.4,49
True,True,0.6849004934650007,74.6,1
False,False,0.37976994031565414,81.0,20
False,False,0.04156443682586782,60.6,53
False,False,0.008123096965790444,69.2,67
True,True,0.531338605708974,73.85,11
False,False,0.10668923082674402,85.8,52
True,True,0.7151451966955312,90.55,1
False,False,0.010154620813076816,55.5,48
True,True,0.5405187615207357,75.45,7
False,False,0.21661783845635849,71.35,7
False,True,0.6756360787411262,84.05,12
False,False,0.015421457979545958,24.6,40
False,False,0.054095449319289265,77.8,55
False,False,0.05025628914407461,19.5,20
True,True,0.726599698917167,35.55,1
False,False,0.015282052226406138,84.2,72
False,False,0.04115113997342965,110.1,63
False,False,0.011434660372231216,64.55,70
False,False,0.2710386438331438,64.1,8
True,True,0.5293962544982841,45.65,1
False,False,0.02740397160775936,19.75,16
False,False,0.4496943290812078,25.2,11
True,False,0.4798057685806132,74.95,11
False,False,0.35157778143592094,88.5,41
False,False,0.03176309183268418,76.1,14
False,False,0.02056040813651317,88.65,61
False,False,0.41388631275801957,89.4,20
True,True,0.5358900255967796,106.4,47
False,False,0.03958275881836362,59.5,2
False,False,0.0383115099875199,60.3,41
False,False,0.003774884710006415,25.25,72
False,False,0.006361908096081241,80.2,72
False,False,0.12746557019592622,95.65,46
True,False,0.19931820647734239,19.8,1
False,False,0.10858161674572837,45.0,29
False,True,0.6293261600773804,100.05,37
False,False,0.2169939293908221,61.55,19
False,False,0.0560068715035379,78.0,49
False,False,0.21979686679418284,44.0,13
False,False,0.2278938729605583,49.8,22
False,False,0.10079795601243093,96.75,53
True,False,0.16124526037620532,49.55,24
False,False,0.010390816431604267,19.8,37
True,False,0.3002628965090845,55.3,6
True,True,0.5221237675160434,79.65,7
True,False,0.06910149468415322,19.8,12
False,False,0.002795343534146042,25.0,71
False,False,0.1560458982263903,82.0,26
False,False,0.3264479252785756,45.65,6
False,False,0.19255179060885202,87.65,32
False,False,0.12248058733835501,58.6,47
False,False,0.012476858307737678,21.0,31
False,False,0.11332110728689848,84.05,52
False,False,0.021520131325565326,60.8,60
False,False,0.09898791769338401,65.65,48
False,False,0.014469824098507326,18.85,45
True,False,0.0996283092837518,80.45,39
True,True,0.8013350540759824,85.7,1
True,True,0.6902030282075324,69.6,1
True,True,0.6137822933826413,79.05,6
False,True,0.6783449857169551,76.25,9
False,False,0.045818592686519326,114.05,72
False,False,0.11611672836962313,52.3,71
False,False,0.002246644370719165,19.6,71
False,False,0.056084687906032,94.6,64
False,False,0.07986620671902547,19.55,28
False,False,0.04962136541780049,115.15,70
True,True,0.5587826478553538,95.65,39
False,False,0.13511323076600304,20.4,16
True,False,0.2579770492469764,110.85,66
False,True,0.6873334634787919,95.4,21
True,False,0.3149830087431828,84.8,44
False,False,0.276563227206086,99.1,54
False,False,0.2892812492026586,56.75,4
False,False,0.06409452244269008,110.0,60
False,False,0.35966075912769,92.4,26
False,False,0.06094324357565355,78.6,24
False,False,0.005508630231998589,19.4,53
False,False,0.0056229575823780725,19.4,46
False,False,0.14609088420020996,88.9,56
False,False,0.2801728979598665,59.1,7
True,True,0.653466967208732,85.8,1
False,False,0.4271759611418046,45.55,1
False,False,0.0032340689741943898,19.95,60
False,False,0.008640740793140674,20.55,61
True,False,0.049120562855289734,33.55,42
False,False,0.014921233210915182,19.85,27
True,True,0.6368743267292963,85.35,9
False,False,0.0018874284355564742,20.05,72
False,False,0.057175072231236905,19.65,23
True,False,0.3897788655882194,95.05,47
False,False,0.007413116337099354,18.95,54
False,True,0.7178406628025853,95.5,2
False,False,0.04690891137856379,60.0,38
False,True,0.532893121021181,99.7,47
False,False,0.07028633124779603,56.25,22
False,True,0.758906480227162,91.45,2
False,False,0.02088755415289035,79.05,72
True,False,0.1815908801196108,45.3,58
False,False,0.04012527323245858,79.2,69
False,False,0.20610289794222184,69.5,18
False,False,0.014017292892345275,20.0,55
False,False,0.40859980710677596,101.1,46
False,False,0.22154758469262129,19.25,5
True,True,0.500388895073418,33.65,4
True,True,0.7808387937313336,89.5,5
False,False,0.011269410517425433,61.35,65
False,False,0.010964290786462631,21.45,35
False,False,0.3125058424891826,97.05,45
False,False,0.2640392825951929,19.9,2
False,True,0.5793052135188375,80.15,22
False,False,0.008577108483837775,68.95,70
False,False,0.09040629586526114,66.3,30
False,False,0.20999784827326318,107.75,61
False,False,0.03234502614526318,20.35,29
True,False,0.42867167811392315,105.55,61
True,False,0.4335746366426942,90.4,25
False,False,0.15320988868633342,113.15,71
False,True,0.6803375174828109,35.0,1
False,False,0.12642641675384286,70.45,62
False,False,0.10807940236164922,73.55,64
False,False,0.017569663941087534,90.6,64
False,True,0.6486494231448771,84.3,29
True,True,0.5107284742662858,70.75,2
False,False,0.20694703867663217,19.65,1
True,False,0.30415834264662184,50.65,1
False,False,0.01113745689916794,24.65,45
False,False,0.11303674400429264,114.3,66
True,False,0.15409260318339238,106.55,54
False,False,0.015871450847681847,80.4,70
True,True,0.6628087305470539,92.5,37
True,True,0.7424230660568979,79.9,3
False,False,0.13474664358816807,55.3,23
False,False,0.2809281925250377,100.5,60
False,False,0.17091165798675756,33.45,35
False,False,0.21275849568838615,74.4,27
False,False,0.05512429605606525,52.5,24
True,True,0.8378604188016139,93.85,2
True,False,0.0729323805819339,90.6,67
True,False,0.4024076713236032,47.8,2
True,False,0.20626081909389302,20.4,1
True,True,0.700855533352708,79.35,1
False,False,0.20660390107866758,54.25,14
False,True,0.56326280171517,94.75,38
True,True,0.6995783147792952,70.1,1
False,True,0.6118899980036275,70.4,2
True,True,0.5677464570292905,78.95,12
False,False,0.17572705620856802,98.05,31
False,False,0.09367098151094584,72.1,35
False,False,0.08191701924096137,109.55,72
True,True,0.7165002817183841,94.2,8
True,True,0.7769388764948124,98.5,10
True,True,0.6240958805773501,69.05,5
False,False,0.01608713178199166,83.5,63
False,False,0.002633181860622757,25.6,71
False,True,0.5763511724781485,104.45,46
False,False,0.005905762260289296,23.05,52
True,False,0.34575994087700085,46.3,1
True,True,0.6734848157357711,79.6,1
False,False,0.04990759067247858,112.75,72
True,True,0.6042985546872416,83.75,3
False,False,0.06785919754405571,60.9,28
False,False,0.06023517852445239,51.05,39
False,False,0.015537759844467426,25.7,33
False,False,0.3045163391997917,60.65,12
True,True,0.7176262898345689,74.5,1
False,False,0.21815176271284797,78.65,6
False,True,0.5392752755477178,86.05,3
True,True,0.7588627002406946,88.45,4
False,False,0.4102143566454752,89.85,34
False,False,0.19901330766016334,19.95,1
True,False,0.4054575533439884,96.3,15
True,True,0.558143803863476,24.75,1
True,False,0.47735047634567074,50.65,3
True,False,0.25738681655459683,20.1,1
False,False,0.11106402227062066,20.25,3
False,False,0.0388938418253947,80.8,30
True,False,0.16801962634493212,53.85,5
False,False,0.003165581991129408,20.0,68
False,False,0.20636515963498003,20.35,1
True,True,0.7266228783942088,80.0,5
True,True,0.5339411812646045,71.1,1
False,False,0.05955479832287056,20.0,13
False,False,0.24315961738035824,80.05,35
False,True,0.5567674452066598,69.55,4
False,True,0.5796280678378649,24.95,9
False,False,0.15080014902707098,85.7,45
False,False,0.2897245072371235,28.5,21
True,True,0.5502960492645932,88.8,26
True,True,0.7926677918453587,85.0,1
True,True,0.8091199619235354,88.55,2
False,False,0.2942337094085904,70.5,11
False,False,0.17910644712303594,109.15,59
False,False,0.4349755401514718,83.85,31
False,False,0.0165082261022867,24.75,54
False,False,0.07566930556040016,19.3,16
True,False,0.34695397437309217,54.55,9
True,True,0.7202021075761791,97.35,21
False,False,0.1898679980718433,20.75,1
False,False,0.21241367787775517,54.4,23
True,True,0.6664081629316437,74.4,7
False,False,0.4419064130278942,103.85,21
False,False,0.0928646902379306,107.65,65
True,True,0.7343137026697079,44.55,4
False,False,0.024516064449128665,111.95,72
False,False,0.01602471901571704,41.95,68
False,False,0.03460677844349307,84.8,67
True,True,0.7433089283863781,79.25,1
False,False,0.1437468980803872,95.65,69
False,False,0.2587942337696978,89.9,60
True,True,0.5322843763871322,88.35,3
False,False,0.021547094169395545,59.0,63
False,False,0.014111559998867915,91.25,71
True,False,0.10210016540956882,85.95,35
True,False,0.3251578384870308,70.0,34
False,False,0.010845132831054706,69.7,53
False,False,0.23988530538099975,34.4,17
True,False,0.2565737454220818,60.0,1
False,False,0.2125129612766567,80.9,56
True,False,0.2017547155601899,49.75,7
False,False,0.08758121779902385,111.3,67
False,False,0.2816974519787734,60.9,11
False,False,0.22740714954845198,20.25,1
False,False,0.23145405796229535,24.85,2
False,False,0.06725648326839706,105.35,69
True,True,0.722046972621746,79.95,1
False,True,0.5640368348897353,90.05,21
False,False,0.19066653321637103,97.25,72
False,True,0.8159963713513722,84.05,2
False,False,0.003444157318023399,20.75,57
True,True,0.7716136145093401,89.55,1
True,False,0.4901062802802902,80.6,4
False,False,0.20113390341771878,19.4,2
False,True,0.6862040540383841,76.85,9
False,False,0.03841505636458557,111.3,71
False,False,0.1142965709558369,18.8,13
False,False,0.04271327824639035,44.8,50
True,True,0.7686018302515721,89.8,10
False,False,0.3786052825835428,94.25,64
True,True,0.6775818246346605,69.8,1
False,True,0.5667312767604332,24.9,2
False,False,0.23497508053074465,110.45,30
True,True,0.7207574636671954,90.45,7
False,False,0.035797491597561445,19.4,26
False,False,0.1431667010163378,50.0,20
False,False,0.0035033162738822184,26.0,72
True,False,0.36649616989710154,55.95,13
False,False,0.01156290012192679,84.6,70
False,True,0.5650038727345756,29.75,3
True,True,0.7276725256341061,76.5,2
False,False,0.06347327104755407,115.75,72
True,False,0.3849140586338895,83.85,33
True,True,0.5680952943792403,74.4,15
False,False,0.41732249581992126,29.15,1
True,False,0.44389237918665847,98.8,55
False,False,0.15305214368062106,64.4,5
True,True,0.5840455282171827,79.65,3
False,False,0.07774833131903056,89.85,65
False,False,0.04024662591319192,59.8,39
False,False,0.0029733974839343475,25.15,70
False,False,0.14779754566423028,116.25,34
False,False,0.23215538730936913,49.9,30
False,True,0.6060860436132134,49.85,12
False,False,0.06938596787548816,20.1,9
False,False,0.09159469675867121,56.3,49
False,False,0.393798781857877,44.25,7
False,False,0.42801046434920187,83.45,38
False,False,0.03163126258966362,109.2,63
True,True,0.7185178143876112,71.65,1
False,False,0.4149155289130144,89.9,30
False,False,0.21094516937530988,73.75,23
False,False,0.011406172348629432,69.75,57
False,False,0.055737556775861494,75.65,70
False,False,0.04453279474899256,106.7,71
False,False,0.2918326835573823,49.6,20
False,False,0.002265485852530329,25.2,72
False,False,0.4190802339978063,69.7,22
False,False,0.23714126306114533,26.35,15
True,True,0.7067365069344554,48.75,9
True,True,0.5541927303406197,105.0,38
False,False,0.39067116674269575,29.8,7
False,False,0.30964086346271597,73.05,26
False,False,0.018783797516145895,60.25,56
False,False,0.017852651242726284,20.05,49
False,True,0.6852363259387332,70.25,3
True,True,0.7786253149541743,74.4,1
False,False,0.00322147868799197,19.55,70
False,False,0.0924208012167785,55.8,23
False,False,0.0055322209850349,59.6,65
True,False,0.08836561634938121,108.4,69
True,True,0.5935392961524196,55.4,1
True,True,0.6343241066525004,90.35,24
False,True,0.5680111728351229,95.15,25
False,False,0.05995916224183095,19.9,17
False,False,0.04323222291984629,70.5,32
False,False,0.0018940076002040404,19.95,68
False,False,0.0022789993694335158,20.15,70
False,False,0.23082866707873392,105.2,54
True,False,0.11854377078309372,19.4,15
False,False,0.011467145360812487,66.85,71
False,False,0.0018424843456872275,19.85,70
False,False,0.30901418289628924,95.85,53
False,True,0.5118412491994003,80.15,2
False,False,0.0636518056704046,79.2,59
False,True,0.5666036166564647,84.15,22
False,False,0.4804754684498407,75.8,22
False,False,0.07834935068326737,49.9,57
True,True,0.6211827823566132,71.35,1
True,True,0.6353271790751714,102.1,10
False,False,0.08923179487348516,51.65,55
False,False,0.027596031666776877,24.45,43
True,True,0.6560783221019613,48.35,18
False,False,0.4232164096646065,80.55,2
False,False,0.008431092925689465,25.05,52
False,False,0.00727137067265234,61.35,60
False,False,0.2760135285794388,83.25,59
False,False,0.08201081191597388,104.0,69
True,True,0.7115985719925509,100.55,14
False,False,0.07934230113744563,60.4,43
False,False,0.12245829534890934,19.4,12
False,False,0.03906955376185983,19.5,8
False,False,0.44991819421699103,69.15,3
False,False,0.18476933841720444,105.05,58
False,False,0.2651986261236633,63.15,13
False,False,0.042152226863209546,20.15,23
False,False,0.459345805139929,78.9,17
False,False,0.11732315039261178,109.3,52
True,True,0.5020547481096924,78.9,32
False,False,0.1504022416414766,34.85,36
False,False,0.0032964721426271626,25.1,67
False,True,0.6641385190428836,103.95,29
False,False,0.24208176237747447,111.05,65
True,False,0.29678952725013985,83.75,41
False,False,0.013953821977688956,65.85,60
False,False,0.004293658720439067,19.85,53
False,False,0.0040461261233640375,24.95,68
True,True,0.6757874773676089,74.7,2
False,False,0.03540535444126381,33.6,61
False,False,0.010058429221611133,20.0,41
False,False,0.009468387065848724,74.1,69
False,False,0.23796077509459715,76.05,35
True,False,0.268067580750286,51.0,7
False,False,0.0273767110480593,25.2,50
False,False,0.06571764406044521,63.7,36
False,False,0.32031719073720183,100.05,48
False,False,0.010244328301883283,81.85,71
False,False,0.10211678586112281,109.05,65
False,True,0.7209937612635646,93.5,23
False,False,0.018190744900912364,63.85,66
False,False,0.44424884597935027,25.05,5
False,False,0.1950165802434225,112.9,72
False,False,0.19838287022573722,20.35,2
False,False,0.13077964160853725,19.45,12
True,True,0.659005841339589,91.85,3
False,False,0.02095684252569745,88.6,72
False,False,0.27228203781047666,59.1,18
False,False,0.03308830495939552,53.85,39
False,False,0.37947632387284247,85.8,26
False,False,0.005132891728101691,64.75,72
False,False,0.30095343636665894,23.6,3
True,True,0.6158946914631597,59.85,1
True,False,0.438436196816743,87.45,34
False,False,0.42570758430779193,76.4,11
False,False,0.0022802918602912816,19.7,66
True,True,0.5737041771443546,80.6,2
False,False,0.2049825597042853,66.05,8
False,False,0.35710738450049834,70.4,33
False,False,0.0027275577038660312,25.65,72
False,False,0.015238734819687351,59.9,58
False,False,0.3015094939061129,83.55,30
True,True,0.640418637124083,24.95,5
False,False,0.3637757419652266,110.2,46
False,True,0.6003672945611014,70.5,4
False,False,0.07424699199879245,65.1,40
False,False,0.010601201753763464,84.3,72
True,True,0.5037708802712368,99.8,49
True,False,0.37137958700277857,54.9,1
True,False,0.318573328357231,85.35,52
False,False,0.001982915433870434,20.1,72
False,False,0.27898184371418006,39.1,28
False,False,0.49183407103886395,91.25,33
False,False,0.10855906189919105,73.55,10
True,True,0.5008753595327166,93.2,16
True,False,0.1868289440161656,69.5,22
False,False,0.006585654188393501,24.7,58
False,False,0.06638762541674709,109.75,72
False,False,0.2883116402658223,54.5,10
False,False,0.2213764304414185,19.65,5
True,True,0.7020865157042739,70.7,2
True,True,0.6895146452088952,70.95,2
False,False,0.40050005081269735,54.35,2
False,False,0.054717886173842295,104.05,53
True,True,0.6156804731319641,88.95,25
False,False,0.11336899075701581,113.35,64
False,False,0.43511728785795145,45.55,2
False,False,0.31435009413014325,69.1,16
False,False,0.07276895719490133,47.85,39
False,False,0.10522011569617969,25.6,35
False,True,0.5037736883271552,76.05,31
True,False,0.23514088367879188,54.2,5
False,False,0.08849988477127482,111.65,72
False,True,0.5243533659565324,90.75,2
False,False,0.020587928637745303,89.65,61
True,False,0.08421635243797451,65.25,31
True,False,0.4121303817885293,40.4,2
False,False,0.1730489182675819,20.75,1
False,False,0.05429899057762112,20.35,1
False,False,0.004622722784018775,20.2,59
True,True,0.6887442899825178,95.65,1
True,False,0.36496496897504865,45.15,9
True,True,0.590653084219904,91.65,14
False,True,0.7296822037975018,86.55,12
False,False,0.02790971837695015,74.45,47
False,False,0.42223105582582804,48.8,7
False,False,0.3581185560555515,90.45,28
False,False,0.0017816148869425797,19.8,70
False,False,0.01509061062465814,19.65,26
True,False,0.39813462089088864,99.15,61
False,False,0.2766205070819432,101.75,70
False,False,0.20814492441632548,19.5,1
True,True,0.6572749041229994,96.55,37
True,False,0.10810099913796278,90.95,60
True,False,0.21723601105228335,105.1,71
False,True,0.5411265839241937,101.4,31
False,False,0.058111207731023726,19.75,14
False,False,0.15763399923268054,103.4,50
False,False,0.24331815487902994,19.75,1
True,True,0.6474951218457965,99.8,41
True,False,0.1929283320187803,50.4,30
False,False,0.005234764979215978,24.4,64
False,False,0.26106604742103384,64.2,7
False,False,0.4382505927810875,74.6,1
False,False,0.019975689955538417,83.85,51
False,False,0.04305035551060716,80.05,50
False,False,0.018745138747687184,20.5,44
False,False,0.16097163906256737,105.05,65
True,True,0.6384876115605734,25.7,1
True,False,0.4187925938913226,45.0,2
False,False,0.06826596953077657,102.5,48
True,True,0.5878318899088869,109.9,6
False,False,0.2669179891311464,62.1,35
False,True,0.5280185068090568,50.35,22
False,False,0.010041008874023533,60.95,72
False,False,0.042120697756748655,76.25,55
False,False,0.030790710384155193,106.35,69
False,False,0.034096602942025295,73.45,72
True,True,0.8034368730756895,91.3,1
False,False,0.1737277175345134,105.45,26
False,False,0.017319674930770315,20.9,23
False,False,0.19034819959931262,20.35,2
True,True,0.6025972909989246,76.4,2
False,False,0.31664738364933687,103.75,40
True,True,0.8182014365417254,94.6,1
True,False,0.34790435021932725,75.2,27
True,False,0.11636389780508147,65.0,9
True,False,0.44919229446707293,88.05,50
False,False,0.016723329001938382,20.2,46
False,False,0.041269430751376165,25.2,15
False,False,0.2575563540476889,78.55,23
False,True,0.5146015056022955,59.0,2
True,True,0.5777400475059528,90.7,18
False,False,0.017400986050748878,75.5,70
False,False,0.10980952009605521,48.6,9
False,False,0.09624812401990136,67.6,30
False,False,0.2821228984959014,75.1,15
False,False,0.439559190928738,90.7,39
False,False,0.37272331488654736,49.4,12
False,False,0.33056751326989936,89.95,19
False,False,0.19766355117549986,54.8,24
True,False,0.16765186786765088,102.95,67
False,False,0.014334991092984471,60.05,69
False,False,0.20095391127013815,85.1,55
False,False,0.015970714533158136,63.25,52
True,True,0.5368320037487713,94.4,17
False,False,0.13675606172678575,48.8,19
True,False,0.36005242015949906,75.25,39
False,False,0.05868413957238727,61.9,40
False,False,0.06418862705245419,20.9,26
False,False,0.2073059819525403,19.9,1
True,True,0.5974788006338757,78.55,18
True,False,0.48133409819377165,75.3,15
False,False,0.256580307245594,20.45,2
True,True,0.6794809606000806,79.35,1
False,False,0.42516222080238725,95.3,23
False,False,0.004869745065154733,66.85,72
False,False,0.19828741777450903,20.3,2
False,False,0.01861020828686434,88.55,70
False,False,0.008090555068013946,19.95,46
False,False,0.0221721695290914,19.55,36
False,False,0.05635217467044619,110.15,72
False,False,0.2867659460386073,48.8,6
False,False,0.1536944091198076,20.4,4
True,True,0.7258291647774577,85.45,1
False,False,0.37210830896888736,83.4,1
True,True,0.676731760532034,100.35,13
True,False,0.015543099079043938,47.85,64
False,False,0.11149421593389437,44.55,8
False,False,0.06550639915657189,112.25,72
True,True,0.7363423378240551,75.45,1
False,True,0.6618756006521553,100.85,4
False,False,0.466984885887022,49.85,1
False,False,0.004815199447549333,24.25,62
False,False,0.4688473279435205,96.35,34
True,False,0.4803984175853483,44.4,1
True,True,0.6962009083094984,101.05,24
False,False,0.04835851705968313,105.25,72
False,False,0.19939516704658855,19.95,1
False,False,0.4746661746033948,103.5,63
False,False,0.05048917703455645,109.25,66
False,False,0.11469732421309135,79.8,61
False,False,0.0021853234691560047,19.95,67
True,False,0.39158693264709377,95.5,12
False,False,0.22337878682119916,34.95,19
False,False,0.0022500334283373593,20.5,67
False,False,0.4558811222921328,80.0,13
False,False,0.3606647847578853,45.15,1
True,True,0.7031088340412128,84.75,3
False,False,0.21120241093058864,20.05,3
True,True,0.6193955574711245,104.2,17
False,False,0.030549789034679906,53.75,52
False,False,0.009170368952269005,19.4,51
True,True,0.6528431318169337,84.85,5
False,False,0.25368235096622244,35.65,29
True,False,0.2378919862453994,20.15,1
True,False,0.26705062185325196,20.15,1
False,False,0.15092414167356288,94.45,42
False,False,0.1996234559986956,19.65,1
True,True,0.703512901261208,88.45,16
False,False,0.2485830786014049,45.2,11
True,True,0.6453888914826407,93.85,26
False,False,0.032416911437740795,61.0,54
True,True,0.5738419144454241,94.05,30
True,False,0.007760184871432464,79.4,66
False,False,0.03393151747990344,108.65,72
False,False,0.05589259622894664,24.0,12
True,False,0.4737005612567467,106.6,19
False,False,0.20028819573238096,68.95,9
False,False,0.1389026939521718,73.35,0
False,False,0.007025163064980427,25.45,66
False,True,0.5783218663288963,34.55,10
False,False,0.006707820935591955,24.45,56
False,False,0.0029675886662338014,19.25,67
False,False,0.017936663440188443,60.05,64
False,False,0.014248736694450998,81.3,64
False,False,0.4772916605500091,70.45,13
True,True,0.6690248637345034,96.1,5
False,False,0.36280281885603677,35.0,4
False,False,0.008838842013628678,20.0,45
False,True,0.735838441545942,94.75,18
False,False,0.4625664452017792,57.55,3
True,False,0.19769613084125223,20.6,1
False,False,0.4952381250066011,45.9,29
False,False,0.0026540350990223475,24.6,69
False,True,0.5816760101651253,99.85,21
False,False,0.33615497171623976,44.35,20
False,False,0.0608860672675077,110.3,72
False,False,0.35105333094202446,24.35,7
False,False,0.1614882028072052,20.05,5
False,False,0.46853259404917486,50.35,6
False,False,0.2923366356742564,66.4,13
False,False,0.190065297982414,20.05,1
True,True,0.5353023706553554,79.1,3
False,True,0.7154557997645904,96.2,7
True,True,0.6471240840954311,84.85,6
True,False,0.19891175264711627,20.0,1
False,False,0.07369483524778048,20.05,11
True,False,0.15723562264302235,99.9,63
False,True,0.5469533229634657,75.05,3
False,False,0.09354138915760263,19.15,6
False,False,0.010837900859353768,69.2,70
False,False,0.4118753794325189,90.35,37
False,False,0.011204631588330792,20.2,38
False,False,0.17982253286501584,58.55,29
False,False,0.1488927785065164,19.9,9
False,False,0.09636266272797946,20.75,23
True,True,0.6340171871462127,90.8,20
False,False,0.0024464707999764966,24.05,70
False,False,0.019199306904446094,101.0,70
False,True,0.6980863709838686,84.7,5
False,False,0.008398375027945992,80.85,72
False,False,0.005546907739996149,55.65,72
False,False,0.395261240731006,94.9,4
True,False,0.16227650911429536,20.05,7
False,False,0.1665991258727985,81.85,23
False,True,0.5426966111811159,64.9,11
False,False,0.0485968380102494,20.0,23
False,False,0.2926696020462855,54.3,12
False,False,0.23730818943403414,93.65,49
True,True,0.7157932320705317,85.15,14
False,False,0.037923497272216444,36.1,56
False,False,0.2577601723372839,19.9,3
False,False,0.07685428641721881,110.5,69
False,True,0.735234489611825,80.8,6
False,False,0.011997441696739098,20.7,49
True,True,0.7357306433231632,94.7,18
True,True,0.6565505218986272,69.5,1
True,True,0.5240854124346757,35.2,3
True,True,0.7236390362703564,85.85,2
False,False,0.003819249718583259,19.65,54
False,False,0.15924310593953933,51.1,24
False,False,0.009263453549584796,60.0,54
False,False,0.10911016789377583,19.75,15
False,False,0.020966100147169917,81.65,45
False,False,0.013738085052047263,38.25,46
False,False,0.1513881845912087,54.2,12
False,False,0.03174499010472312,76.05,71
False,False,0.4956758136679252,31.65,13
True,True,0.6976439149567552,73.0,1
False,False,0.2758483890132366,91.55,58
True,True,0.6385489588428457,75.1,7
False,False,0.006829283464911757,23.55,48
False,False,0.05041365321657268,97.65,71
False,False,0.12278377009740746,20.4,9
False,False,0.23367655723518452,55.95,18
False,False,0.19850592217679822,20.2,1
False,False,0.003921475034372307,20.05,67
False,True,0.7017306494837638,85.0,1
False,False,0.2553582637957082,98.0,56
False,False,0.017360932390070756,46.2,54
False,False,0.039854721056560204,19.7,14
False,True,0.6872723114115568,46.35,14
False,False,0.046734341673673775,69.9,54
False,False,0.004540038873154074,68.15,72
False,False,0.07139517050942303,56.1,17
False,False,0.2521525016986985,20.0,1
True,True,0.6263857172534179,85.0,30
False,False,0.004216371528557102,20.15,50
False,False,0.16024352021992574,19.95,3
False,False,0.42805723570547816,74.15,12
True,True,0.5416395462793838,81.15,13
False,True,0.5586443448753067,69.3,25
True,True,0.7727491030924303,90.4,2
False,False,0.09880765574981215,70.7,36
False,False,0.32140795289335966,50.25,3
False,False,0.07610411976367859,63.85,66
True,True,0.7448008329857023,101.1,15
False,False,0.02343862005064447,73.8,61
False,False,0.049023445475703795,114.95,70
False,False,0.3862393187093575,39.85,35
True,False,0.3270425258668562,48.6,1
False,False,0.0055848193566499435,20.65,48
False,False,0.014035924339496544,40.05,70
False,True,0.6936683168628099,105.3,12
False,False,0.3893714028819888,114.1,61
True,False,0.2116489561945035,84.25,38
True,True,0.6027610440948656,71.35,1
False,False,0.03177776826074772,65.2,56
True,True,0.5473936705035323,85.4,5
False,False,0.3491222146265366,45.9,11
False,False,0.2818723512405343,106.15,59
False,False,0.4400702533952542,45.4,1
True,False,0.11661446008971019,104.15,72
False,False,0.03865686012320431,20.15,22
False,False,0.10603594672098925,44.6,17
False,False,0.04845980734913935,44.45,50
False,False,0.34950204547386043,66.65,8
False,False,0.010437176163729099,59.8,56
True,True,0.7174257765187109,80.3,3
False,False,0.041917142296381084,20.4,40
False,False,0.36052856810494444,101.4,67
True,True,0.7290338379447824,91.65,4
False,False,0.007232393944451822,20.85,67
False,False,0.2901272526194592,50.3,4
False,False,0.005335965237012273,24.1,61
False,False,0.0126565214461872,26.3,69
False,False,0.00847666059509952,20.15,49
False,False,0.25817835088348,85.3,49
False,False,0.10914749105103527,113.2,35
False,False,0.00252648889740614,24.45,69
False,False,0.005365908008543829,59.85,60
True,True,0.5294890494450218,40.1,1
True,False,0.1825924862876347,55.85,17
False,False,0.43088415171287703,44.55,1
False,False,0.12082890442324908,20.55,5
False,False,0.04616874310095047,20.4,13
True,True,0.7167069999788671,74.35,4
False,False,0.07107183605479284,78.75,53
False,False,0.008776127466148942,64.45,72
False,False,0.018396422829927008,20.75,24
False,False,0.12462967292715522,24.7,19
False,False,0.17469641799901586,19.85,1
False,True,0.6485124203748236,75.6,5
False,False,0.04937487694444721,86.7,71
False,False,0.015208071824285825,89.05,72
False,False,0.057003010826616664,59.65,42
False,False,0.3043376848496329,55.5,14
False,False,0.2511390697883369,51.25,1
True,True,0.7241794112741972,70.65,2
True,False,0.010611574274360729,92.45,72
True,True,0.6233519163615573,88.35,13
False,False,0.4291362230826055,77.8,18
False,False,0.14120640998280293,96.75,45
False,False,0.38126012054137526,100.15,55
False,True,0.5374490485295143,50.05,1
False,False,0.19668739589615641,21.1,1
False,False,0.00663279667412047,24.8,65
False,False,0.16499726490458752,69.1,46
False,False,0.07423818555551001,20.75,21
True,True,0.6896507872615064,101.25,24
False,False,0.08068422123143498,61.25,34
False,False,0.31929189377329986,74.65,13
False,False,0.022665631153928376,69.7,48
False,False,0.3163828716486158,106.8,56
False,False,0.15033319056414626,100.4,42
False,False,0.21731415840094084,54.7,4
False,False,0.0379162158511131,55.15,65
False,False,0.4968369974430809,25.0,3
False,False,0.015052849054592865,80.6,70
True,True,0.7892162383759671,88.8,1
False,False,0.014189377649229647,54.8,66
True,False,0.18514247666234263,55.0,19
False,False,0.0028162087928321985,24.25,70
False,False,0.1002204137401334,99.65,41
False,False,0.11467461614270014,109.75,45
False,False,0.012687344856067014,20.45,49
True,True,0.5031904459074109,90.5,22
False,False,0.13182845959233996,99.75,56
True,False,0.2680502636439496,55.7,15
False,False,0.08682751664326005,100.25,67
False,False,0.10614782253682103,19.65,1
False,False,0.4893031885823735,101.15,38
False,False,0.03006342595934954,74.0,52
False,False,0.03269826529064673,20.1,34
False,False,0.0017788483043380964,19.9,69
True,True,0.7263734219831811,101.7,4
False,False,0.028956622611337392,58.55,63
False,False,0.019644786823304974,19.75,24
False,False,0.10605292088210416,90.7,62
False,False,0.03278258479449954,19.25,36
False,False,0.1197623673350803,68.15,38
True,False,0.27383287589618394,80.35,47
True,False,0.2667685093462582,79.45,38
False,False,0.4899701171956951,92.15,42
False,False,0.016215896212088708,25.25,42
False,False,0.4756292237216513,75.3,3
True,False,0.40593277676342804,100.3,8
True,True,0.6882018337648819,84.4,9
False,False,0.05569588899482897,68.4,58
True,False,0.32041309070309193,60.05,21
False,False,0.18788270788059608,20.9,10
False,False,0.17733543152668688,98.9,70
False,False,0.07636152193486952,75.0,26
True,True,0.630628140415939,96.5,36
False,False,0.006646949254096442,67.8,72
True,False,0.42722374049194595,74.25,9
False,True,0.7113041766760804,100.15,15
False,False,0.02458240653877033,83.0,63
False,False,0.31827899657205394,63.75,4
False,False,0.06840169998235758,20.6,25
False,False,0.03606698875194471,19.6,46
False,False,0.46431431775807464,104.15,44
False,False,0.1240150617803477,20.45,12
False,True,0.5194799346606639,44.8,1
True,False,0.3266560469072298,48.55,1
True,False,0.4148442666903282,61.6,20
False,False,0.03544493967474164,117.5,72
True,False,0.11121277454698751,60.45,53
False,False,0.004119054434380877,19.2,52
False,True,0.7187763555038913,74.2,2
False,False,0.1492678035937407,93.5,50
True,True,0.5297680743392206,69.0,17
False,False,0.11163173680559214,29.45,51
False,True,0.673439280165668,78.75,16
False,True,0.5286693433039169,95.05,18
False,False,0.03457943801610944,85.45,71
False,False,0.015809066552904018,44.8,68
False,True,0.5627696978570893,74.7,1
False,False,0.022753837519470185,18.7,25
True,True,0.6780651900063044,93.15,24
True,True,0.6329966306482419,50.75,14
False,False,0.013039105847553682,59.2,55
False,False,0.19618402484329378,61.05,25
False,False,0.2728692364600963,60.2,10
False,False,0.08564723194936114,103.9,61
False,False,0.34781604348127404,59.15,6
False,False,0.031888935819213794,19.95,13
False,False,0.20052679029026715,19.3,2
False,True,0.5451454244777554,45.0,1
False,True,0.61568884195347,70.35,2
True,True,0.5665788779720786,96.2,49
True,False,0.4403843013058709,45.3,1
False,False,0.09155673895067369,94.3,37
False,False,0.008127104076509023,20.15,40
True,True,0.6560352535447903,94.75,23
False,False,0.1911196709170428,108.1,66
True,True,0.7098614933974285,92.55,17
True,True,0.7680807684548556,85.05,9
False,True,0.5823447656686389,101.25,39
False,False,0.031650669070350815,40.1,23
False,False,0.010153834030780342,20.15,50
True,True,0.661152952275514,97.9,3
False,False,0.007045452205971707,19.45,61
False,True,0.5225025921136944,88.95,24
False,True,0.6764353325388003,84.8,14
False,False,0.005574284603730145,25.75,52
True,True,0.6446120742837512,84.3,15
False,False,0.06427315284655154,59.4,33
False,False,0.26504011692713686,95.35,69
False,False,0.014152521503824135,88.1,61
False,False,0.04908269448686734,116.05,71
False,False,0.1891693894391572,90.8,53
False,False,0.1849097261309295,55.65,42
False,False,0.12602622542421188,79.2,36
False,False,0.4367528996816234,105.5,25
False,False,0.20093094425218333,20.7,8
True,True,0.5664040437329005,95.6,16
True,True,0.597767820625706,89.75,12
True,True,0.6204535137763573,104.8,28
False,True,0.786347380096296,94.1,7
True,True,0.6146221227285191,104.9,32
True,True,0.6513972173361292,78.65,1
True,False,0.4814788346832112,30.45,8
True,False,0.43165024548845804,103.4,63
True,True,0.7189351210534239,34.7,1
False,False,0.180167714860263,102.5,60
False,True,0.6028014329506054,86.25,16
False,False,0.08052111781661679,92.0,71
False,False,0.2566412387411398,85.05,40
True,True,0.5630818166648222,99.75,18
False,True,0.5624060510086382,78.75,5
False,False,0.28683958799270065,79.0,33
False,False,0.04371463778903688,19.75,13
False,False,0.07270879909783508,50.25,40
False,False,0.06291984865581988,116.1,67
True,False,0.27488723391566144,50.15,16
False,False,0.020450284638291984,66.4,59
False,True,0.5743961673199897,69.95,8
False,False,0.03179982786434016,24.1,24
False,False,0.14096630006917044,20.25,7
False,False,0.001958798507797244,24.1,72
False,False,0.29001518648725744,88.15,44
True,False,0.43211323870310914,74.95,38
False,True,0.5513697859666309,55.9,4
False,False,0.3143094956716736,53.45,2
False,False,0.011765194428028578,49.85,70
False,False,0.4841569299197953,90.65,33
False,True,0.6027228239151994,24.9,1
False,False,0.05650936089661701,35.55,39
False,False,0.342432472859305,116.5,55
False,False,0.04826852630302667,68.75,52
True,False,0.2240844317469962,51.2,30
False,False,0.43650333961295246,99.0,60
False,False,0.04137198803708765,54.9,50
False,False,0.2638389120597769,109.55,32
False,False,0.2841184607329179,106.8,51
False,True,0.5170771919477445,74.3,1
False,False,0.0036054081923300703,25.6,69
True,True,0.5776179683552012,94.2,42
True,True,0.5728232554339223,46.35,14
False,False,0.005022547454904169,25.6,52
False,False,0.11150748538704623,107.6,62
False,False,0.0016366467006442645,19.55,72
True,False,0.49887735245209935,96.2,32
True,True,0.7336465998306749,69.65,1
False,False,0.027763301826725623,78.5,72
True,False,0.39899250482413684,45.1,1
False,False,0.31421700004688013,25.75,1
True,True,0.6041225141831289,104.1,5
False,False,0.11019979598929029,104.75,63
False,False,0.009704337198628758,81.35,67
False,False,0.35490107226480244,96.35,40
False,False,0.08957620822465025,93.55,65
False,False,0.026104111825430674,19.7,16
False,False,0.09370002675024165,69.1,46
False,False,0.42403232210431835,35.65,11
False,False,0.37972651904246185,99.4,49
False,False,0.07001113518892008,54.4,68
False,False,0.10934424832332772,19.3,10
False,True,0.6535569871200687,83.8,2
False,True,0.6841769926939665,68.95,5
False,False,0.011277054034299738,62.85,53
False,False,0.17267496252152054,110.45,54
True,False,0.4098699131984161,45.3,4
True,True,0.5938793515458829,75.65,15
False,False,0.17987360375311404,19.85,10
True,True,0.5765849285233849,55.3,3
False,False,0.0028770698407591376,24.75,71
False,False,0.3198701381331121,54.75,8
True,True,0.8352689563584291,94.0,1
False,False,0.03967823159275467,110.3,64
False,False,0.0033419592551187454,18.8,57
True,True,0.8399818862941668,100.8,1
False,False,0.4218451638294422,60.0,20
False,False,0.3663939658705414,66.05,26
True,True,0.7151104424623885,79.75,2
False,False,0.12723771891815117,94.8,32
False,False,0.2130958461376092,25.45,5
False,False,0.06971071094667151,111.15,70
True,False,0.17427094088087994,55.25,31
True,False,0.33632586591107916,59.5,7
False,True,0.5064259842467348,25.35,1
True,True,0.7368320332943578,98.55,20
False,False,0.0350418533650672,61.2,35
False,False,0.3317795421298399,60.9,6
False,False,0.0059120773333658835,74.55,72
False,False,0.09725906749183989,19.65,13
False,False,0.4287794005668652,48.75,4
False,False,0.003194674080239179,19.15,63
False,False,0.01209130614816392,84.7,69
True,False,0.305349077537733,34.25,3
False,False,0.036840841275609985,80.7,71
False,False,0.14863455630697453,19.45,15
False,False,0.013030287885461619,19.7,30
False,False,0.2567369157166251,83.2,23
False,False,0.09410471632673906,19.85,9
False,False,0.03122752001940898,19.15,35
False,False,0.41364204236034857,54.85,6
True,True,0.6728165134911908,75.05,1
False,False,0.002317720552254527,25.1,72
False,False,0.021718689943142213,84.35,45
True,True,0.5234771879857248,89.75,7
False,False,0.00792228084872825,48.4,70
False,False,0.004390037456487488,19.9,53
True,False,0.35882658986535637,51.75,4
False,False,0.024489626816350033,92.4,72
False,False,0.0032847494442343355,45.25,72
False,True,0.7692254322992385,94.8,17
False,True,0.5806874024932152,69.85,7
True,False,0.11276564427365053,20.1,11
True,True,0.5756328568094977,74.9,2
False,False,0.04864114401885066,109.9,72
False,True,0.53806509215008,78.0,11
True,True,0.7750808528704124,91.4,5
True,True,0.693399619869904,74.95,4
False,False,0.1825313362132152,50.0,30
False,False,0.0314317818289004,20.9,11
False,False,0.49181322968649654,49.8,17
False,False,0.43337597700086244,56.25,34
True,True,0.6993080503601008,30.4,2
False,False,0.007277441508011958,19.1,55
False,False,0.16214737279246533,59.9,5
False,False,0.0939188894401037,20.0,11
True,True,0.7206863524804363,79.6,1
False,False,0.002055097163584707,19.45,70
True,True,0.6905994476414989,74.85,2
True,True,0.7087256936959717,73.85,7
False,False,0.014735651157467243,20.2,35
False,False,0.023320302945564503,71.1,58
False,False,0.06486642661122326,109.2,72
False,False,0.0032279096934339914,62.65,68
False,False,0.07590042787219706,59.45,26
False,False,0.4118226149773795,45.05,12
False,False,0.281996407556425,60.35,25
False,False,0.053385108003687995,114.95,72
False,False,0.05990407896095605,114.6,70
True,False,0.4168587867052726,50.15,1
False,False,0.303566457298702,86.65,26
True,False,0.424021613512813,65.7,2
False,False,0.03033599007149106,19.9,28
False,False,0.1541979760551941,19.85,6
False,False,0.017067025180404854,59.75,58
False,False,0.3804145161215304,45.0,29
False,False,0.3732463372787564,71.4,16
True,True,0.5908837203039985,101.0,43
False,False,0.05402166902430693,75.4,52
False,False,0.052596836435274366,118.75,72
False,False,0.001536251645322991,19.45,71
False,False,0.0033759464821926676,20.4,65
False,False,0.444122224139391,84.5,49
False,False,0.2685018378102951,83.8,52
True,False,0.1898902278087822,20.35,2
False,False,0.022713197935256325,109.3,71
False,False,0.257441083514402,89.4,54
False,False,0.2206658435714791,76.5,15
False,False,0.49099711281508107,24.6,9
False,False,0.12969242259188782,105.05,50
True,True,0.6447734706181469,83.65,19
False,False,0.09155235240303643,104.45,70
False,False,0.1607903210702079,106.85,72
False,False,0.30274883928815116,105.1,52
False,False,0.2789538265278093,46.3,15
False,False,0.02861933318083444,76.8,72
True,True,0.7134128020521657,81.35,3
False,False,0.09502724163783043,99.15,58
False,False,0.26655202814348444,20.35,1
False,False,0.4143327700492715,89.85,35
True,False,0.3232454292300631,84.4,50
False,False,0.017011947535827326,19.75,41
False,False,0.005128805808900551,64.45,72
False,False,0.14051551537010923,68.95,30
True,True,0.5654706927399247,24.4,2
True,False,0.4210436791437012,29.7,15
False,False,0.035900737089443524,58.75,37
False,False,0.018194212579855627,75.4,72
False,False,0.002127906006480051,25.0,72
False,False,0.04042786490932529,114.3,70
True,False,0.20783002803540085,19.65,1
False,False,0.45916626119201226,84.25,23
False,True,0.6044057278314438,74.6,8
True,False,0.40308356433210424,46.0,2
False,False,0.09857227032319285,38.85,26
False,False,0.007634841574028322,19.65,52
False,False,0.03652387570419899,34.6,23
True,False,0.454294610717386,99.1,15
False,False,0.11468288127673136,50.15,40
False,False,0.19028111941310993,59.45,27
False,False,0.04518970046056922,19.5,37
False,False,0.09267585526537224,112.2,45
True,True,0.6031654859259638,69.95,5
False,False,0.0026463172373393847,23.85,71
True,False,0.46981093241089494,54.3,4
False,False,0.01199876092209668,20.2,38
False,False,0.20088697737475206,55.9,3
False,False,0.026584774825566208,19.15,17
False,False,0.012983061476801965,90.15,70
False,False,0.42920414919973104,44.9,1
False,False,0.029130777670189036,100.5,71
False,False,0.4176315999634108,91.15,37
False,False,0.039333725255959774,70.15,64
False,False,0.3571221482626306,90.0,37
True,False,0.04145981559463647,108.65,65
False,False,0.12263391331984734,49.45,23
True,False,0.3369838365996097,79.2,22
False,False,0.14859505908872725,60.7,26
True,False,0.28901722067004965,79.85,25
False,False,0.07150229321899802,97.2,60
True,True,0.6898041424157806,95.6,1
False,False,0.01150505135822651,89.3,71
True,True,0.6657114353764382,85.25,27
True,True,0.7687549139568802,89.45,3
False,False,0.10400693542412565,94.7,58
True,True,0.5019190010987339,75.35,14
False,False,0.006868060694434784,70.85,71
False,False,0.40241822490467133,29.05,2
False,False,0.012694913218466778,20.6,40
False,False,0.002563902209522807,25.4,68
False,False,0.047345860534434604,101.3,57
True,False,0.3313967491088932,87.25,45
False,False,0.045167585555362044,116.55,70
False,False,0.24680904245693475,107.7,68
False,False,0.31608518568930033,102.7,52
False,False,0.05735468510606113,115.15,72
True,True,0.5910212992054612,76.1,24
False,False,0.005417946043958617,60.4,67
False,False,0.011198365920474945,64.35,68
False,False,0.01665853576790348,19.6,23
True,False,0.024901054380724173,49.35,71
False,True,0.5220871692439089,24.4,1
False,False,0.001730994962280699,20.5,71
False,False,0.14102766141281597,110.55,69
True,False,0.24160097655018525,99.2,40
False,True,0.6601206019063943,84.95,18
True,True,0.6126516867466113,94.65,22
False,False,0.004535981753712916,39.1,69
False,False,0.17477475120953312,84.45,62
False,False,0.003984028020453486,19.7,56
False,False,0.09342471782081353,19.9,7
False,False,0.20115496576293085,18.9,1
False,False,0.14834674217786584,19.55,6
True,True,0.7603743914601253,85.65,2
False,False,0.21543093447492126,54.55,16
False,False,0.1917658977003305,19.85,2
False,False,0.015355374913894253,86.4,72
False,False,0.2443172323535183,34.65,7
False,False,0.3563725112874636,24.85,19
False,True,0.6814887513903786,78.1,14
True,False,0.15482558311508396,105.65,64
False,False,0.15664871724692905,78.35,25
False,False,0.01838275427000376,85.95,70
False,False,0.0022816459806843316,19.35,66
True,True,0.6487251139907769,71.65,1
False,False,0.24248629765094615,91.15,53
True,False,0.2569296591498257,56.25,6
False,False,0.10465308812028931,95.8,59
True,False,0.3209418525606366,78.45,31
True,True,0.7258511106511181,74.4,3
True,False,0.3846705430278916,69.0,15
True,False,0.2651526292580911,106.1,48
True,False,0.2674468076323834,56.7,2
True,False,0.4123386473732966,102.95,70
True,True,0.7594447864218454,91.4,2
True,False,0.18563937127089317,110.85,47
False,False,0.036804039566553565,21.05,24
False,False,0.439206995824281,93.8,31
True,False,0.3336059421706684,111.1,54
False,False,0.26025494804770216,55.05,1
False,False,0.11729934547965296,33.15,12
False,False,0.2095016654814095,18.75,2
False,False,0.08843089962542576,70.55,48
True,True,0.7871163140192704,74.45,1
False,False,0.004950723749569971,65.15,71
True,False,0.3330049044524026,19.85,1
False,False,0.006082344672126204,24.8,56
False,False,0.19051675402379706,20.05,2
True,False,0.04294438319527961,80.55,66
False,False,0.013111588056980868,20.35,50
False,False,0.3251636351358741,89.6,63
True,False,0.4287358921565681,45.05,1
False,False,0.4032604645837661,49.25,6
False,False,0.28916114053100733,50.55,5
True,False,0.12547595165080602,72.25,35
False,False,0.07804369547317302,118.65,71
False,False,0.02358157077890585,66.5,42
False,False,0.0025596636187431624,19.45,64
False,False,0.312710276548937,49.8,1
True,True,0.6895213739206484,69.85,1
False,False,0.07706916605701274,107.2,69
False,True,0.5523360552965219,93.35,33
False,False,0.11403476264062827,20.0,20
False,False,0.08060027750887151,24.5,13
False,False,0.12252191477892346,56.05,28
False,False,0.007202724119317352,80.85,72
False,True,0.6210753745979319,70.5,9
False,False,0.07905253204279465,107.5,72
False,False,0.017756242274588264,59.85,52
False,False,0.1161158882973694,60.85,34
False,False,0.014721999794146632,100.2,71
False,False,0.04539196614084398,19.65,6
False,False,0.10317654849080578,64.0,31
True,True,0.7777974118954566,90.6,1
False,False,0.006715159793107322,25.25,49
False,False,0.024232939410320096,20.25,27
False,False,0.23483580115770947,93.45,53
True,False,0.3213170726636674,100.5,35
True,True,0.6536956258970561,95.65,2
False,False,0.3302684825369078,43.95,46
False,False,0.04540779193100507,19.25,35
False,True,0.622274186546226,73.8,9
False,False,0.10973015322345948,104.4,64
True,True,0.5598198328018754,79.25,13
False,False,0.2407315346183594,81.55,55
False,False,0.289209128807794,93.8,51
False,False,0.25659058483502756,24.3,5
True,True,0.5068070355358679,70.45,20
False,False,0.030963283977115452,25.6,23
False,False,0.21711334288566134,99.0,61
False,False,0.010779755515541185,69.95,54
True,True,0.5452404144055085,76.0,15
False,False,0.006946111388866645,24.9,64
False,False,0.2764115596694039,64.8,18
False,False,0.480985021292151,103.05,52
False,False,0.07383395764348606,20.1,17
False,False,0.015161001480941188,19.9,27
False,False,0.1832606181835842,110.65,58
False,False,0.05966964698676488,109.05,68
False,False,0.2648071787984501,19.2,1
False,False,0.023798161094082424,66.05,55
False,False,0.360224113144406,45.3,1
False,False,0.016846477269033603,84.4,72
False,True,0.5598174724724471,45.0,6
False,False,0.44755167993300843,99.8,60
True,False,0.19524234612836647,106.0,61
True,False,0.1974412705099476,20.65,2
False,False,0.019528080862575885,71.5,63
False,True,0.5725542527241502,83.55,17
True,True,0.5316272066440253,98.7,58
False,False,0.22979187260026412,49.5,26
False,False,0.09165221732726098,48.7,53
False,False,0.0945824656882927,19.2,25
True,True,0.6390064616232233,82.3,1
False,False,0.022983010998302557,21.1,24
False,False,0.44613786691960955,69.0,2
True,False,0.19982715053838226,19.55,1
False,False,0.026539220168557382,75.1,67
False,False,0.3026031666200298,54.6,17
False,True,0.5246371951679076,70.2,11
False,False,0.006422956128594619,24.75,51
False,True,0.6843942626149956,69.85,3
True,True,0.7644022212418545,79.2,1
True,True,0.6658606094244662,69.65,1
False,False,0.023805597256588738,84.1,72
False,False,0.13384009715522646,65.35,19
False,False,0.0032520329873087853,25.75,65
False,False,0.2309864321520762,100.3,45
False,True,0.6838778992716055,89.15,5
False,False,0.17018194200180062,44.85,56
False,True,0.7592449440154179,74.45,4
False,False,0.01754089430502371,86.4,64
False,False,0.007787803416811442,19.7,41
False,False,0.09356601339998612,60.55,35
True,True,0.5195427833149606,25.2,1
True,True,0.726970030983995,79.4,3
False,False,0.005110208911989094,25.0,61
True,True,0.7706810677631473,73.65,1
False,False,0.031716942526019754,55.6,35
False,False,0.035101344544510915,113.25,69
False,False,0.014698369030430997,68.3,64
False,False,0.09820229293258742,110.05,51
False,False,0.051795357519084574,19.9,17
False,False,0.012544020550098607,43.95,69
True,False,0.4970298551663928,31.35,1
